{
  "training_completed": true,
  "total_timesteps": 1000000,
  "training_duration_seconds": 4591.906330347061,
  "training_duration_hours": 1.275529536207517,
  "final_exploration_rate": 0.02,
  "buffer_size_final": 200000,
  "timestamp_end": "20251130_180755"
}